name,email,password
TestUser1,testuser1@example.com,Password123
TestUser2,testuser2@example.com,Password123
TestUser3,testuser3@example.com,Password123
TestUser4,testuser4@example.com,Password123
TestUser5,testuser5@example.com,Password123
TestUser6,testuser6@example.com,Password123
TestUser7,testuser7@example.com,Password123
TestUser8,testuser8@example.com,Password123
TestUser9,testuser9@example.com,Password123
TestUser10,testuser10@example.com,Password123
TestUser11,testuser11@example.com,Password123
TestUser12,testuser12@example.com,Password123
TestUser13,testuser13@example.com,Password123
TestUser14,testuser14@example.com,Password123
TestUser15,testuser15@example.com,Password123
TestUser16,testuser16@example.com,Password123
TestUser17,testuser17@example.com,Password123
TestUser18,testuser18@example.com,Password123
TestUser19,testuser19@example.com,Password123
TestUser20,testuser20@example.com,Password123
TestUser21,testuser21@example.com,Password123
TestUser22,testuser22@example.com,Password123
TestUser23,testuser23@example.com,Password123
TestUser24,testuser24@example.com,Password123
TestUser25,testuser25@example.com,Password123
TestUser26,testuser26@example.com,Password123
TestUser27,testuser27@example.com,Password123
TestUser28,testuser28@example.com,Password123
TestUser29,testuser29@example.com,Password123
TestUser30,testuser30@example.com,Password123
TestUser31,testuser31@example.com,Password123
TestUser32,testuser32@example.com,Password123
TestUser33,testuser33@example.com,Password123
TestUser34,testuser34@example.com,Password123
TestUser35,testuser35@example.com,Password123
TestUser36,testuser36@example.com,Password123
TestUser37,testuser37@example.com,Password123
TestUser38,testuser38@example.com,Password123
TestUser39,testuser39@example.com,Password123
TestUser40,testuser40@example.com,Password123
TestUser41,testuser41@example.com,Password123
TestUser42,testuser42@example.com,Password123
TestUser43,testuser43@example.com,Password123
TestUser44,testuser44@example.com,Password123
TestUser45,testuser45@example.com,Password123
TestUser46,testuser46@example.com,Password123
TestUser47,testuser47@example.com,Password123
TestUser48,testuser48@example.com,Password123
TestUser49,testuser49@example.com,Password123
TestUser50,testuser50@example.com,Password123
TestUser51,testuser51@example.com,Password123
TestUser52,testuser52@example.com,Password123
TestUser53,testuser53@example.com,Password123
TestUser54,testuser54@example.com,Password123
TestUser55,testuser55@example.com,Password123
TestUser56,testuser56@example.com,Password123
TestUser57,testuser57@example.com,Password123
TestUser58,testuser58@example.com,Password123
TestUser59,testuser59@example.com,Password123
TestUser60,testuser60@example.com,Password123
TestUser61,testuser61@example.com,Password123
TestUser62,testuser62@example.com,Password123
TestUser63,testuser63@example.com,Password123
TestUser64,testuser64@example.com,Password123
TestUser65,testuser65@example.com,Password123
TestUser66,testuser66@example.com,Password123
TestUser67,testuser67@example.com,Password123
TestUser68,testuser68@example.com,Password123
TestUser69,testuser69@example.com,Password123
TestUser70,testuser70@example.com,Password123
TestUser71,testuser71@example.com,Password123
TestUser72,testuser72@example.com,Password123
TestUser73,testuser73@example.com,Password123
TestUser74,testuser74@example.com,Password123
TestUser75,testuser75@example.com,Password123
TestUser76,testuser76@example.com,Password123
TestUser77,testuser77@example.com,Password123
TestUser78,testuser78@example.com,Password123
TestUser79,testuser79@example.com,Password123
TestUser80,testuser80@example.com,Password123
TestUser81,testuser81@example.com,Password123
TestUser82,testuser82@example.com,Password123
TestUser83,testuser83@example.com,Password123
TestUser84,testuser84@example.com,Password123
TestUser85,testuser85@example.com,Password123
TestUser86,testuser86@example.com,Password123
TestUser87,testuser87@example.com,Password123
TestUser88,testuser88@example.com,Password123
TestUser89,testuser89@example.com,Password123
TestUser90,testuser90@example.com,Password123
TestUser91,testuser91@example.com,Password123
TestUser92,testuser92@example.com,Password123
TestUser93,testuser93@example.com,Password123
TestUser94,testuser94@example.com,Password123
TestUser95,testuser95@example.com,Password123
TestUser96,testuser96@example.com,Password123
TestUser97,testuser97@example.com,Password123
TestUser98,testuser98@example.com,Password123
TestUser99,testuser99@example.com,Password123
TestUser100,testuser100@example.com,Password123
TestUser101,testuser101@example.com,Password123
TestUser102,testuser102@example.com,Password123
TestUser103,testuser103@example.com,Password123
TestUser104,testuser104@example.com,Password123
TestUser105,testuser105@example.com,Password123
TestUser106,testuser106@example.com,Password123
TestUser107,testuser107@example.com,Password123
TestUser108,testuser108@example.com,Password123
TestUser109,testuser109@example.com,Password123
TestUser110,testuser110@example.com,Password123
TestUser111,testuser111@example.com,Password123
TestUser112,testuser112@example.com,Password123
TestUser113,testuser113@example.com,Password123
TestUser114,testuser114@example.com,Password123
TestUser115,testuser115@example.com,Password123
TestUser116,testuser116@example.com,Password123
TestUser117,testuser117@example.com,Password123
TestUser118,testuser118@example.com,Password123
TestUser119,testuser119@example.com,Password123
TestUser120,testuser120@example.com,Password123
TestUser121,testuser121@example.com,Password123
TestUser122,testuser122@example.com,Password123
TestUser123,testuser123@example.com,Password123
TestUser124,testuser124@example.com,Password123
TestUser125,testuser125@example.com,Password123
TestUser126,testuser126@example.com,Password123
TestUser127,testuser127@example.com,Password123
TestUser128,testuser128@example.com,Password123
TestUser129,testuser129@example.com,Password123
TestUser130,testuser130@example.com,Password123
TestUser131,testuser131@example.com,Password123
TestUser132,testuser132@example.com,Password123
TestUser133,testuser133@example.com,Password123
TestUser134,testuser134@example.com,Password123
TestUser135,testuser135@example.com,Password123
TestUser136,testuser136@example.com,Password123
TestUser137,testuser137@example.com,Password123
TestUser138,testuser138@example.com,Password123
TestUser139,testuser139@example.com,Password123
TestUser140,testuser140@example.com,Password123
TestUser141,testuser141@example.com,Password123
TestUser142,testuser142@example.com,Password123
TestUser143,testuser143@example.com,Password123
TestUser144,testuser144@example.com,Password123
TestUser145,testuser145@example.com,Password123
TestUser146,testuser146@example.com,Password123
TestUser147,testuser147@example.com,Password123
TestUser148,testuser148@example.com,Password123
TestUser149,testuser149@example.com,Password123
TestUser150,testuser150@example.com,Password123
TestUser151,testuser151@example.com,Password123
TestUser152,testuser152@example.com,Password123
TestUser153,testuser153@example.com,Password123
TestUser154,testuser154@example.com,Password123
TestUser155,testuser155@example.com,Password123
TestUser156,testuser156@example.com,Password123
TestUser157,testuser157@example.com,Password123
TestUser158,testuser158@example.com,Password123
TestUser159,testuser159@example.com,Password123
TestUser160,testuser160@example.com,Password123
TestUser161,testuser161@example.com,Password123
TestUser162,testuser162@example.com,Password123
TestUser163,testuser163@example.com,Password123
TestUser164,testuser164@example.com,Password123
TestUser165,testuser165@example.com,Password123
TestUser166,testuser166@example.com,Password123
TestUser167,testuser167@example.com,Password123
TestUser168,testuser168@example.com,Password123
TestUser169,testuser169@example.com,Password123
TestUser170,testuser170@example.com,Password123
TestUser171,testuser171@example.com,Password123
TestUser172,testuser172@example.com,Password123
TestUser173,testuser173@example.com,Password123
TestUser174,testuser174@example.com,Password123
TestUser175,testuser175@example.com,Password123
TestUser176,testuser176@example.com,Password123
TestUser177,testuser177@example.com,Password123
TestUser178,testuser178@example.com,Password123
TestUser179,testuser179@example.com,Password123
TestUser180,testuser180@example.com,Password123
TestUser181,testuser181@example.com,Password123
TestUser182,testuser182@example.com,Password123
TestUser183,testuser183@example.com,Password123
TestUser184,testuser184@example.com,Password123
TestUser185,testuser185@example.com,Password123
TestUser186,testuser186@example.com,Password123
TestUser187,testuser187@example.com,Password123
TestUser188,testuser188@example.com,Password123
TestUser189,testuser189@example.com,Password123
TestUser190,testuser190@example.com,Password123
TestUser191,testuser191@example.com,Password123
TestUser192,testuser192@example.com,Password123
TestUser193,testuser193@example.com,Password123
TestUser194,testuser194@example.com,Password123
TestUser195,testuser195@example.com,Password123
TestUser196,testuser196@example.com,Password123
TestUser197,testuser197@example.com,Password123
TestUser198,testuser198@example.com,Password123
TestUser199,testuser199@example.com,Password123
TestUser200,testuser200@example.com,Password123
TestUser201,testuser201@example.com,Password123
TestUser202,testuser202@example.com,Password123
TestUser203,testuser203@example.com,Password123
TestUser204,testuser204@example.com,Password123
TestUser205,testuser205@example.com,Password123
TestUser206,testuser206@example.com,Password123
TestUser207,testuser207@example.com,Password123
TestUser208,testuser208@example.com,Password123
TestUser209,testuser209@example.com,Password123
TestUser210,testuser210@example.com,Password123
TestUser211,testuser211@example.com,Password123
TestUser212,testuser212@example.com,Password123
TestUser213,testuser213@example.com,Password123
TestUser214,testuser214@example.com,Password123
TestUser215,testuser215@example.com,Password123
TestUser216,testuser216@example.com,Password123
TestUser217,testuser217@example.com,Password123
TestUser218,testuser218@example.com,Password123
TestUser219,testuser219@example.com,Password123
TestUser220,testuser220@example.com,Password123
TestUser221,testuser221@example.com,Password123
TestUser222,testuser222@example.com,Password123
TestUser223,testuser223@example.com,Password123
TestUser224,testuser224@example.com,Password123
TestUser225,testuser225@example.com,Password123
TestUser226,testuser226@example.com,Password123
TestUser227,testuser227@example.com,Password123
TestUser228,testuser228@example.com,Password123
TestUser229,testuser229@example.com,Password123
TestUser230,testuser230@example.com,Password123
TestUser231,testuser231@example.com,Password123
TestUser232,testuser232@example.com,Password123
TestUser233,testuser233@example.com,Password123
TestUser234,testuser234@example.com,Password123
TestUser235,testuser235@example.com,Password123
TestUser236,testuser236@example.com,Password123
TestUser237,testuser237@example.com,Password123
TestUser238,testuser238@example.com,Password123
TestUser239,testuser239@example.com,Password123
TestUser240,testuser240@example.com,Password123
TestUser241,testuser241@example.com,Password123
TestUser242,testuser242@example.com,Password123
TestUser243,testuser243@example.com,Password123
TestUser244,testuser244@example.com,Password123
TestUser245,testuser245@example.com,Password123
TestUser246,testuser246@example.com,Password123
TestUser247,testuser247@example.com,Password123
TestUser248,testuser248@example.com,Password123
TestUser249,testuser249@example.com,Password123
TestUser250,testuser250@example.com,Password123
TestUser251,testuser251@example.com,Password123
TestUser252,testuser252@example.com,Password123
TestUser253,testuser253@example.com,Password123
TestUser254,testuser254@example.com,Password123
TestUser255,testuser255@example.com,Password123
TestUser256,testuser256@example.com,Password123
TestUser257,testuser257@example.com,Password123
TestUser258,testuser258@example.com,Password123
TestUser259,testuser259@example.com,Password123
TestUser260,testuser260@example.com,Password123
TestUser261,testuser261@example.com,Password123
TestUser262,testuser262@example.com,Password123
TestUser263,testuser263@example.com,Password123
TestUser264,testuser264@example.com,Password123
TestUser265,testuser265@example.com,Password123
TestUser266,testuser266@example.com,Password123
TestUser267,testuser267@example.com,Password123
TestUser268,testuser268@example.com,Password123
TestUser269,testuser269@example.com,Password123
TestUser270,testuser270@example.com,Password123
TestUser271,testuser271@example.com,Password123
TestUser272,testuser272@example.com,Password123
TestUser273,testuser273@example.com,Password123
TestUser274,testuser274@example.com,Password123
TestUser275,testuser275@example.com,Password123
TestUser276,testuser276@example.com,Password123
TestUser277,testuser277@example.com,Password123
TestUser278,testuser278@example.com,Password123
TestUser279,testuser279@example.com,Password123
TestUser280,testuser280@example.com,Password123
TestUser281,testuser281@example.com,Password123
TestUser282,testuser282@example.com,Password123
TestUser283,testuser283@example.com,Password123
TestUser284,testuser284@example.com,Password123
TestUser285,testuser285@example.com,Password123
TestUser286,testuser286@example.com,Password123
TestUser287,testuser287@example.com,Password123
TestUser288,testuser288@example.com,Password123
TestUser289,testuser289@example.com,Password123
TestUser290,testuser290@example.com,Password123
TestUser291,testuser291@example.com,Password123
TestUser292,testuser292@example.com,Password123
TestUser293,testuser293@example.com,Password123
TestUser294,testuser294@example.com,Password123
TestUser295,testuser295@example.com,Password123
TestUser296,testuser296@example.com,Password123
TestUser297,testuser297@example.com,Password123
TestUser298,testuser298@example.com,Password123
TestUser299,testuser299@example.com,Password123
TestUser300,testuser300@example.com,Password123
TestUser301,testuser301@example.com,Password123
TestUser302,testuser302@example.com,Password123
TestUser303,testuser303@example.com,Password123
TestUser304,testuser304@example.com,Password123
TestUser305,testuser305@example.com,Password123
TestUser306,testuser306@example.com,Password123
TestUser307,testuser307@example.com,Password123
TestUser308,testuser308@example.com,Password123
TestUser309,testuser309@example.com,Password123
TestUser310,testuser310@example.com,Password123
TestUser311,testuser311@example.com,Password123
TestUser312,testuser312@example.com,Password123
TestUser313,testuser313@example.com,Password123
TestUser314,testuser314@example.com,Password123
TestUser315,testuser315@example.com,Password123
TestUser316,testuser316@example.com,Password123
TestUser317,testuser317@example.com,Password123
TestUser318,testuser318@example.com,Password123
TestUser319,testuser319@example.com,Password123
TestUser320,testuser320@example.com,Password123
TestUser321,testuser321@example.com,Password123
TestUser322,testuser322@example.com,Password123
TestUser323,testuser323@example.com,Password123
TestUser324,testuser324@example.com,Password123
TestUser325,testuser325@example.com,Password123
TestUser326,testuser326@example.com,Password123
TestUser327,testuser327@example.com,Password123
TestUser328,testuser328@example.com,Password123
TestUser329,testuser329@example.com,Password123
TestUser330,testuser330@example.com,Password123
TestUser331,testuser331@example.com,Password123
TestUser332,testuser332@example.com,Password123
TestUser333,testuser333@example.com,Password123
TestUser334,testuser334@example.com,Password123
TestUser335,testuser335@example.com,Password123
TestUser336,testuser336@example.com,Password123
TestUser337,testuser337@example.com,Password123
TestUser338,testuser338@example.com,Password123
TestUser339,testuser339@example.com,Password123
TestUser340,testuser340@example.com,Password123
TestUser341,testuser341@example.com,Password123
TestUser342,testuser342@example.com,Password123
TestUser343,testuser343@example.com,Password123
TestUser344,testuser344@example.com,Password123
TestUser345,testuser345@example.com,Password123
TestUser346,testuser346@example.com,Password123
TestUser347,testuser347@example.com,Password123
TestUser348,testuser348@example.com,Password123
TestUser349,testuser349@example.com,Password123
TestUser350,testuser350@example.com,Password123
TestUser351,testuser351@example.com,Password123
TestUser352,testuser352@example.com,Password123
TestUser353,testuser353@example.com,Password123
TestUser354,testuser354@example.com,Password123
TestUser355,testuser355@example.com,Password123
TestUser356,testuser356@example.com,Password123
TestUser357,testuser357@example.com,Password123
TestUser358,testuser358@example.com,Password123
TestUser359,testuser359@example.com,Password123
TestUser360,testuser360@example.com,Password123
TestUser361,testuser361@example.com,Password123
TestUser362,testuser362@example.com,Password123
TestUser363,testuser363@example.com,Password123
TestUser364,testuser364@example.com,Password123
TestUser365,testuser365@example.com,Password123
TestUser366,testuser366@example.com,Password123
TestUser367,testuser367@example.com,Password123
TestUser368,testuser368@example.com,Password123
TestUser369,testuser369@example.com,Password123
TestUser370,testuser370@example.com,Password123
TestUser371,testuser371@example.com,Password123
TestUser372,testuser372@example.com,Password123
TestUser373,testuser373@example.com,Password123
TestUser374,testuser374@example.com,Password123
TestUser375,testuser375@example.com,Password123
TestUser376,testuser376@example.com,Password123
TestUser377,testuser377@example.com,Password123
TestUser378,testuser378@example.com,Password123
TestUser379,testuser379@example.com,Password123
TestUser380,testuser380@example.com,Password123
TestUser381,testuser381@example.com,Password123
TestUser382,testuser382@example.com,Password123
TestUser383,testuser383@example.com,Password123
TestUser384,testuser384@example.com,Password123
TestUser385,testuser385@example.com,Password123
TestUser386,testuser386@example.com,Password123
TestUser387,testuser387@example.com,Password123
TestUser388,testuser388@example.com,Password123
TestUser389,testuser389@example.com,Password123
TestUser390,testuser390@example.com,Password123
TestUser391,testuser391@example.com,Password123
TestUser392,testuser392@example.com,Password123
TestUser393,testuser393@example.com,Password123
TestUser394,testuser394@example.com,Password123
TestUser395,testuser395@example.com,Password123
TestUser396,testuser396@example.com,Password123
TestUser397,testuser397@example.com,Password123
TestUser398,testuser398@example.com,Password123
TestUser399,testuser399@example.com,Password123
TestUser400,testuser400@example.com,Password123
TestUser401,testuser401@example.com,Password123
TestUser402,testuser402@example.com,Password123
TestUser403,testuser403@example.com,Password123
TestUser404,testuser404@example.com,Password123
TestUser405,testuser405@example.com,Password123
TestUser406,testuser406@example.com,Password123
TestUser407,testuser407@example.com,Password123
TestUser408,testuser408@example.com,Password123
TestUser409,testuser409@example.com,Password123
TestUser410,testuser410@example.com,Password123
TestUser411,testuser411@example.com,Password123
TestUser412,testuser412@example.com,Password123
TestUser413,testuser413@example.com,Password123
TestUser414,testuser414@example.com,Password123
TestUser415,testuser415@example.com,Password123
TestUser416,testuser416@example.com,Password123
TestUser417,testuser417@example.com,Password123
TestUser418,testuser418@example.com,Password123
TestUser419,testuser419@example.com,Password123
TestUser420,testuser420@example.com,Password123
TestUser421,testuser421@example.com,Password123
TestUser422,testuser422@example.com,Password123
TestUser423,testuser423@example.com,Password123
TestUser424,testuser424@example.com,Password123
TestUser425,testuser425@example.com,Password123
TestUser426,testuser426@example.com,Password123
TestUser427,testuser427@example.com,Password123
TestUser428,testuser428@example.com,Password123
TestUser429,testuser429@example.com,Password123
TestUser430,testuser430@example.com,Password123
TestUser431,testuser431@example.com,Password123
TestUser432,testuser432@example.com,Password123
TestUser433,testuser433@example.com,Password123
TestUser434,testuser434@example.com,Password123
TestUser435,testuser435@example.com,Password123
TestUser436,testuser436@example.com,Password123
TestUser437,testuser437@example.com,Password123
TestUser438,testuser438@example.com,Password123
TestUser439,testuser439@example.com,Password123
TestUser440,testuser440@example.com,Password123
TestUser441,testuser441@example.com,Password123
TestUser442,testuser442@example.com,Password123
TestUser443,testuser443@example.com,Password123
TestUser444,testuser444@example.com,Password123
TestUser445,testuser445@example.com,Password123
TestUser446,testuser446@example.com,Password123
TestUser447,testuser447@example.com,Password123
TestUser448,testuser448@example.com,Password123
TestUser449,testuser449@example.com,Password123
TestUser450,testuser450@example.com,Password123
TestUser451,testuser451@example.com,Password123
TestUser452,testuser452@example.com,Password123
TestUser453,testuser453@example.com,Password123
TestUser454,testuser454@example.com,Password123
TestUser455,testuser455@example.com,Password123
TestUser456,testuser456@example.com,Password123
TestUser457,testuser457@example.com,Password123
TestUser458,testuser458@example.com,Password123
TestUser459,testuser459@example.com,Password123
TestUser460,testuser460@example.com,Password123
TestUser461,testuser461@example.com,Password123
TestUser462,testuser462@example.com,Password123
TestUser463,testuser463@example.com,Password123
TestUser464,testuser464@example.com,Password123
TestUser465,testuser465@example.com,Password123
TestUser466,testuser466@example.com,Password123
TestUser467,testuser467@example.com,Password123
TestUser468,testuser468@example.com,Password123
TestUser469,testuser469@example.com,Password123
TestUser470,testuser470@example.com,Password123
TestUser471,testuser471@example.com,Password123
TestUser472,testuser472@example.com,Password123
TestUser473,testuser473@example.com,Password123
TestUser474,testuser474@example.com,Password123
TestUser475,testuser475@example.com,Password123
TestUser476,testuser476@example.com,Password123
TestUser477,testuser477@example.com,Password123
TestUser478,testuser478@example.com,Password123
TestUser479,testuser479@example.com,Password123
TestUser480,testuser480@example.com,Password123
TestUser481,testuser481@example.com,Password123
TestUser482,testuser482@example.com,Password123
TestUser483,testuser483@example.com,Password123
TestUser484,testuser484@example.com,Password123
TestUser485,testuser485@example.com,Password123
TestUser486,testuser486@example.com,Password123
TestUser487,testuser487@example.com,Password123
TestUser488,testuser488@example.com,Password123
TestUser489,testuser489@example.com,Password123
TestUser490,testuser490@example.com,Password123
TestUser491,testuser491@example.com,Password123
TestUser492,testuser492@example.com,Password123
TestUser493,testuser493@example.com,Password123
TestUser494,testuser494@example.com,Password123
TestUser495,testuser495@example.com,Password123
TestUser496,testuser496@example.com,Password123
TestUser497,testuser497@example.com,Password123
TestUser498,testuser498@example.com,Password123
TestUser499,testuser499@example.com,Password123
TestUser500,testuser500@example.com,Password123
TestUser501,testuser501@example.com,Password123
TestUser502,testuser502@example.com,Password123
TestUser503,testuser503@example.com,Password123
TestUser504,testuser504@example.com,Password123
TestUser505,testuser505@example.com,Password123
TestUser506,testuser506@example.com,Password123
TestUser507,testuser507@example.com,Password123
TestUser508,testuser508@example.com,Password123
TestUser509,testuser509@example.com,Password123
TestUser510,testuser510@example.com,Password123
TestUser511,testuser511@example.com,Password123
TestUser512,testuser512@example.com,Password123
TestUser513,testuser513@example.com,Password123
TestUser514,testuser514@example.com,Password123
TestUser515,testuser515@example.com,Password123
TestUser516,testuser516@example.com,Password123
TestUser517,testuser517@example.com,Password123
TestUser518,testuser518@example.com,Password123
TestUser519,testuser519@example.com,Password123
TestUser520,testuser520@example.com,Password123
TestUser521,testuser521@example.com,Password123
TestUser522,testuser522@example.com,Password123
TestUser523,testuser523@example.com,Password123
TestUser524,testuser524@example.com,Password123
TestUser525,testuser525@example.com,Password123
TestUser526,testuser526@example.com,Password123
TestUser527,testuser527@example.com,Password123
TestUser528,testuser528@example.com,Password123
TestUser529,testuser529@example.com,Password123
TestUser530,testuser530@example.com,Password123
TestUser531,testuser531@example.com,Password123
TestUser532,testuser532@example.com,Password123
TestUser533,testuser533@example.com,Password123
TestUser534,testuser534@example.com,Password123
TestUser535,testuser535@example.com,Password123
TestUser536,testuser536@example.com,Password123
TestUser537,testuser537@example.com,Password123
TestUser538,testuser538@example.com,Password123
TestUser539,testuser539@example.com,Password123
TestUser540,testuser540@example.com,Password123
TestUser541,testuser541@example.com,Password123
TestUser542,testuser542@example.com,Password123
TestUser543,testuser543@example.com,Password123
TestUser544,testuser544@example.com,Password123
TestUser545,testuser545@example.com,Password123
TestUser546,testuser546@example.com,Password123
TestUser547,testuser547@example.com,Password123
TestUser548,testuser548@example.com,Password123
TestUser549,testuser549@example.com,Password123
TestUser550,testuser550@example.com,Password123
TestUser551,testuser551@example.com,Password123
TestUser552,testuser552@example.com,Password123
TestUser553,testuser553@example.com,Password123
TestUser554,testuser554@example.com,Password123
TestUser555,testuser555@example.com,Password123
TestUser556,testuser556@example.com,Password123
TestUser557,testuser557@example.com,Password123
TestUser558,testuser558@example.com,Password123
TestUser559,testuser559@example.com,Password123
TestUser560,testuser560@example.com,Password123
TestUser561,testuser561@example.com,Password123
TestUser562,testuser562@example.com,Password123
TestUser563,testuser563@example.com,Password123
TestUser564,testuser564@example.com,Password123
TestUser565,testuser565@example.com,Password123
TestUser566,testuser566@example.com,Password123
TestUser567,testuser567@example.com,Password123
TestUser568,testuser568@example.com,Password123
TestUser569,testuser569@example.com,Password123
TestUser570,testuser570@example.com,Password123
TestUser571,testuser571@example.com,Password123
TestUser572,testuser572@example.com,Password123
TestUser573,testuser573@example.com,Password123
TestUser574,testuser574@example.com,Password123
TestUser575,testuser575@example.com,Password123
TestUser576,testuser576@example.com,Password123
TestUser577,testuser577@example.com,Password123
TestUser578,testuser578@example.com,Password123
TestUser579,testuser579@example.com,Password123
TestUser580,testuser580@example.com,Password123
TestUser581,testuser581@example.com,Password123
TestUser582,testuser582@example.com,Password123
TestUser583,testuser583@example.com,Password123
TestUser584,testuser584@example.com,Password123
TestUser585,testuser585@example.com,Password123
TestUser586,testuser586@example.com,Password123
TestUser587,testuser587@example.com,Password123
TestUser588,testuser588@example.com,Password123
TestUser589,testuser589@example.com,Password123
TestUser590,testuser590@example.com,Password123
TestUser591,testuser591@example.com,Password123
TestUser592,testuser592@example.com,Password123
TestUser593,testuser593@example.com,Password123
TestUser594,testuser594@example.com,Password123
TestUser595,testuser595@example.com,Password123
TestUser596,testuser596@example.com,Password123
TestUser597,testuser597@example.com,Password123
TestUser598,testuser598@example.com,Password123
TestUser599,testuser599@example.com,Password123
TestUser600,testuser600@example.com,Password123
TestUser601,testuser601@example.com,Password123
TestUser602,testuser602@example.com,Password123
TestUser603,testuser603@example.com,Password123
TestUser604,testuser604@example.com,Password123
TestUser605,testuser605@example.com,Password123
TestUser606,testuser606@example.com,Password123
TestUser607,testuser607@example.com,Password123
TestUser608,testuser608@example.com,Password123
TestUser609,testuser609@example.com,Password123
TestUser610,testuser610@example.com,Password123
TestUser611,testuser611@example.com,Password123
TestUser612,testuser612@example.com,Password123
TestUser613,testuser613@example.com,Password123
TestUser614,testuser614@example.com,Password123
TestUser615,testuser615@example.com,Password123
TestUser616,testuser616@example.com,Password123
TestUser617,testuser617@example.com,Password123
TestUser618,testuser618@example.com,Password123
TestUser619,testuser619@example.com,Password123
TestUser620,testuser620@example.com,Password123
TestUser621,testuser621@example.com,Password123
TestUser622,testuser622@example.com,Password123
TestUser623,testuser623@example.com,Password123
TestUser624,testuser624@example.com,Password123
TestUser625,testuser625@example.com,Password123
TestUser626,testuser626@example.com,Password123
TestUser627,testuser627@example.com,Password123
TestUser628,testuser628@example.com,Password123
TestUser629,testuser629@example.com,Password123
TestUser630,testuser630@example.com,Password123
TestUser631,testuser631@example.com,Password123
TestUser632,testuser632@example.com,Password123
TestUser633,testuser633@example.com,Password123
TestUser634,testuser634@example.com,Password123
TestUser635,testuser635@example.com,Password123
TestUser636,testuser636@example.com,Password123
TestUser637,testuser637@example.com,Password123
TestUser638,testuser638@example.com,Password123
TestUser639,testuser639@example.com,Password123
TestUser640,testuser640@example.com,Password123
TestUser641,testuser641@example.com,Password123
TestUser642,testuser642@example.com,Password123
TestUser643,testuser643@example.com,Password123
TestUser644,testuser644@example.com,Password123
TestUser645,testuser645@example.com,Password123
TestUser646,testuser646@example.com,Password123
TestUser647,testuser647@example.com,Password123
TestUser648,testuser648@example.com,Password123
TestUser649,testuser649@example.com,Password123
TestUser650,testuser650@example.com,Password123
TestUser651,testuser651@example.com,Password123
TestUser652,testuser652@example.com,Password123
TestUser653,testuser653@example.com,Password123
TestUser654,testuser654@example.com,Password123
TestUser655,testuser655@example.com,Password123
TestUser656,testuser656@example.com,Password123
TestUser657,testuser657@example.com,Password123
TestUser658,testuser658@example.com,Password123
TestUser659,testuser659@example.com,Password123
TestUser660,testuser660@example.com,Password123
TestUser661,testuser661@example.com,Password123
TestUser662,testuser662@example.com,Password123
TestUser663,testuser663@example.com,Password123
TestUser664,testuser664@example.com,Password123
TestUser665,testuser665@example.com,Password123
TestUser666,testuser666@example.com,Password123
TestUser667,testuser667@example.com,Password123
TestUser668,testuser668@example.com,Password123
TestUser669,testuser669@example.com,Password123
TestUser670,testuser670@example.com,Password123
TestUser671,testuser671@example.com,Password123
TestUser672,testuser672@example.com,Password123
TestUser673,testuser673@example.com,Password123
TestUser674,testuser674@example.com,Password123
TestUser675,testuser675@example.com,Password123
TestUser676,testuser676@example.com,Password123
TestUser677,testuser677@example.com,Password123
TestUser678,testuser678@example.com,Password123
TestUser679,testuser679@example.com,Password123
TestUser680,testuser680@example.com,Password123
TestUser681,testuser681@example.com,Password123
TestUser682,testuser682@example.com,Password123
TestUser683,testuser683@example.com,Password123
TestUser684,testuser684@example.com,Password123
TestUser685,testuser685@example.com,Password123
TestUser686,testuser686@example.com,Password123
TestUser687,testuser687@example.com,Password123
TestUser688,testuser688@example.com,Password123
TestUser689,testuser689@example.com,Password123
TestUser690,testuser690@example.com,Password123
TestUser691,testuser691@example.com,Password123
TestUser692,testuser692@example.com,Password123
TestUser693,testuser693@example.com,Password123
TestUser694,testuser694@example.com,Password123
TestUser695,testuser695@example.com,Password123
TestUser696,testuser696@example.com,Password123
TestUser697,testuser697@example.com,Password123
TestUser698,testuser698@example.com,Password123
TestUser699,testuser699@example.com,Password123
TestUser700,testuser700@example.com,Password123
TestUser701,testuser701@example.com,Password123
TestUser702,testuser702@example.com,Password123
TestUser703,testuser703@example.com,Password123
TestUser704,testuser704@example.com,Password123
TestUser705,testuser705@example.com,Password123
TestUser706,testuser706@example.com,Password123
TestUser707,testuser707@example.com,Password123
TestUser708,testuser708@example.com,Password123
TestUser709,testuser709@example.com,Password123
TestUser710,testuser710@example.com,Password123
TestUser711,testuser711@example.com,Password123
TestUser712,testuser712@example.com,Password123
TestUser713,testuser713@example.com,Password123
TestUser714,testuser714@example.com,Password123
TestUser715,testuser715@example.com,Password123
TestUser716,testuser716@example.com,Password123
TestUser717,testuser717@example.com,Password123
TestUser718,testuser718@example.com,Password123
TestUser719,testuser719@example.com,Password123
TestUser720,testuser720@example.com,Password123
TestUser721,testuser721@example.com,Password123
TestUser722,testuser722@example.com,Password123
TestUser723,testuser723@example.com,Password123
TestUser724,testuser724@example.com,Password123
TestUser725,testuser725@example.com,Password123
TestUser726,testuser726@example.com,Password123
TestUser727,testuser727@example.com,Password123
TestUser728,testuser728@example.com,Password123
TestUser729,testuser729@example.com,Password123
TestUser730,testuser730@example.com,Password123
TestUser731,testuser731@example.com,Password123
TestUser732,testuser732@example.com,Password123
TestUser733,testuser733@example.com,Password123
TestUser734,testuser734@example.com,Password123
TestUser735,testuser735@example.com,Password123
TestUser736,testuser736@example.com,Password123
TestUser737,testuser737@example.com,Password123
TestUser738,testuser738@example.com,Password123
TestUser739,testuser739@example.com,Password123
TestUser740,testuser740@example.com,Password123
TestUser741,testuser741@example.com,Password123
TestUser742,testuser742@example.com,Password123
TestUser743,testuser743@example.com,Password123
TestUser744,testuser744@example.com,Password123
TestUser745,testuser745@example.com,Password123
TestUser746,testuser746@example.com,Password123
TestUser747,testuser747@example.com,Password123
TestUser748,testuser748@example.com,Password123
TestUser749,testuser749@example.com,Password123
TestUser750,testuser750@example.com,Password123
TestUser751,testuser751@example.com,Password123
TestUser752,testuser752@example.com,Password123
TestUser753,testuser753@example.com,Password123
TestUser754,testuser754@example.com,Password123
TestUser755,testuser755@example.com,Password123
TestUser756,testuser756@example.com,Password123
TestUser757,testuser757@example.com,Password123
TestUser758,testuser758@example.com,Password123
TestUser759,testuser759@example.com,Password123
TestUser760,testuser760@example.com,Password123
TestUser761,testuser761@example.com,Password123
TestUser762,testuser762@example.com,Password123
TestUser763,testuser763@example.com,Password123
TestUser764,testuser764@example.com,Password123
TestUser765,testuser765@example.com,Password123
TestUser766,testuser766@example.com,Password123
TestUser767,testuser767@example.com,Password123
TestUser768,testuser768@example.com,Password123
TestUser769,testuser769@example.com,Password123
TestUser770,testuser770@example.com,Password123
TestUser771,testuser771@example.com,Password123
TestUser772,testuser772@example.com,Password123
TestUser773,testuser773@example.com,Password123
TestUser774,testuser774@example.com,Password123
TestUser775,testuser775@example.com,Password123
TestUser776,testuser776@example.com,Password123
TestUser777,testuser777@example.com,Password123
TestUser778,testuser778@example.com,Password123
TestUser779,testuser779@example.com,Password123
TestUser780,testuser780@example.com,Password123
TestUser781,testuser781@example.com,Password123
TestUser782,testuser782@example.com,Password123
TestUser783,testuser783@example.com,Password123
TestUser784,testuser784@example.com,Password123
TestUser785,testuser785@example.com,Password123
TestUser786,testuser786@example.com,Password123
TestUser787,testuser787@example.com,Password123
TestUser788,testuser788@example.com,Password123
TestUser789,testuser789@example.com,Password123
TestUser790,testuser790@example.com,Password123
TestUser791,testuser791@example.com,Password123
TestUser792,testuser792@example.com,Password123
TestUser793,testuser793@example.com,Password123
TestUser794,testuser794@example.com,Password123
TestUser795,testuser795@example.com,Password123
TestUser796,testuser796@example.com,Password123
TestUser797,testuser797@example.com,Password123
TestUser798,testuser798@example.com,Password123
TestUser799,testuser799@example.com,Password123
TestUser800,testuser800@example.com,Password123
TestUser801,testuser801@example.com,Password123
TestUser802,testuser802@example.com,Password123
TestUser803,testuser803@example.com,Password123
TestUser804,testuser804@example.com,Password123
TestUser805,testuser805@example.com,Password123
TestUser806,testuser806@example.com,Password123
TestUser807,testuser807@example.com,Password123
TestUser808,testuser808@example.com,Password123
TestUser809,testuser809@example.com,Password123
TestUser810,testuser810@example.com,Password123
TestUser811,testuser811@example.com,Password123
TestUser812,testuser812@example.com,Password123
TestUser813,testuser813@example.com,Password123
TestUser814,testuser814@example.com,Password123
TestUser815,testuser815@example.com,Password123
TestUser816,testuser816@example.com,Password123
TestUser817,testuser817@example.com,Password123
TestUser818,testuser818@example.com,Password123
TestUser819,testuser819@example.com,Password123
TestUser820,testuser820@example.com,Password123
TestUser821,testuser821@example.com,Password123
TestUser822,testuser822@example.com,Password123
TestUser823,testuser823@example.com,Password123
TestUser824,testuser824@example.com,Password123
TestUser825,testuser825@example.com,Password123
TestUser826,testuser826@example.com,Password123
TestUser827,testuser827@example.com,Password123
TestUser828,testuser828@example.com,Password123
TestUser829,testuser829@example.com,Password123
TestUser830,testuser830@example.com,Password123
TestUser831,testuser831@example.com,Password123
TestUser832,testuser832@example.com,Password123
TestUser833,testuser833@example.com,Password123
TestUser834,testuser834@example.com,Password123
TestUser835,testuser835@example.com,Password123
TestUser836,testuser836@example.com,Password123
TestUser837,testuser837@example.com,Password123
TestUser838,testuser838@example.com,Password123
TestUser839,testuser839@example.com,Password123
TestUser840,testuser840@example.com,Password123
TestUser841,testuser841@example.com,Password123
TestUser842,testuser842@example.com,Password123
TestUser843,testuser843@example.com,Password123
TestUser844,testuser844@example.com,Password123
TestUser845,testuser845@example.com,Password123
TestUser846,testuser846@example.com,Password123
TestUser847,testuser847@example.com,Password123
TestUser848,testuser848@example.com,Password123
TestUser849,testuser849@example.com,Password123
TestUser850,testuser850@example.com,Password123
TestUser851,testuser851@example.com,Password123
TestUser852,testuser852@example.com,Password123
TestUser853,testuser853@example.com,Password123
TestUser854,testuser854@example.com,Password123
TestUser855,testuser855@example.com,Password123
TestUser856,testuser856@example.com,Password123
TestUser857,testuser857@example.com,Password123
TestUser858,testuser858@example.com,Password123
TestUser859,testuser859@example.com,Password123
TestUser860,testuser860@example.com,Password123
TestUser861,testuser861@example.com,Password123
TestUser862,testuser862@example.com,Password123
TestUser863,testuser863@example.com,Password123
TestUser864,testuser864@example.com,Password123
TestUser865,testuser865@example.com,Password123
TestUser866,testuser866@example.com,Password123
TestUser867,testuser867@example.com,Password123
TestUser868,testuser868@example.com,Password123
TestUser869,testuser869@example.com,Password123
TestUser870,testuser870@example.com,Password123
TestUser871,testuser871@example.com,Password123
TestUser872,testuser872@example.com,Password123
TestUser873,testuser873@example.com,Password123
TestUser874,testuser874@example.com,Password123
TestUser875,testuser875@example.com,Password123
TestUser876,testuser876@example.com,Password123
TestUser877,testuser877@example.com,Password123
TestUser878,testuser878@example.com,Password123
TestUser879,testuser879@example.com,Password123
TestUser880,testuser880@example.com,Password123
TestUser881,testuser881@example.com,Password123
TestUser882,testuser882@example.com,Password123
TestUser883,testuser883@example.com,Password123
TestUser884,testuser884@example.com,Password123
TestUser885,testuser885@example.com,Password123
TestUser886,testuser886@example.com,Password123
TestUser887,testuser887@example.com,Password123
TestUser888,testuser888@example.com,Password123
TestUser889,testuser889@example.com,Password123
TestUser890,testuser890@example.com,Password123
TestUser891,testuser891@example.com,Password123
TestUser892,testuser892@example.com,Password123
TestUser893,testuser893@example.com,Password123
TestUser894,testuser894@example.com,Password123
TestUser895,testuser895@example.com,Password123
TestUser896,testuser896@example.com,Password123
TestUser897,testuser897@example.com,Password123
TestUser898,testuser898@example.com,Password123
TestUser899,testuser899@example.com,Password123
TestUser900,testuser900@example.com,Password123
TestUser901,testuser901@example.com,Password123
TestUser902,testuser902@example.com,Password123
TestUser903,testuser903@example.com,Password123
TestUser904,testuser904@example.com,Password123
TestUser905,testuser905@example.com,Password123
TestUser906,testuser906@example.com,Password123
TestUser907,testuser907@example.com,Password123
TestUser908,testuser908@example.com,Password123
TestUser909,testuser909@example.com,Password123
TestUser910,testuser910@example.com,Password123
TestUser911,testuser911@example.com,Password123
TestUser912,testuser912@example.com,Password123
TestUser913,testuser913@example.com,Password123
TestUser914,testuser914@example.com,Password123
TestUser915,testuser915@example.com,Password123
TestUser916,testuser916@example.com,Password123
TestUser917,testuser917@example.com,Password123
TestUser918,testuser918@example.com,Password123
TestUser919,testuser919@example.com,Password123
TestUser920,testuser920@example.com,Password123
TestUser921,testuser921@example.com,Password123
TestUser922,testuser922@example.com,Password123
TestUser923,testuser923@example.com,Password123
TestUser924,testuser924@example.com,Password123
TestUser925,testuser925@example.com,Password123
TestUser926,testuser926@example.com,Password123
TestUser927,testuser927@example.com,Password123
TestUser928,testuser928@example.com,Password123
TestUser929,testuser929@example.com,Password123
TestUser930,testuser930@example.com,Password123
TestUser931,testuser931@example.com,Password123
TestUser932,testuser932@example.com,Password123
TestUser933,testuser933@example.com,Password123
TestUser934,testuser934@example.com,Password123
TestUser935,testuser935@example.com,Password123
TestUser936,testuser936@example.com,Password123
TestUser937,testuser937@example.com,Password123
TestUser938,testuser938@example.com,Password123
TestUser939,testuser939@example.com,Password123
TestUser940,testuser940@example.com,Password123
TestUser941,testuser941@example.com,Password123
TestUser942,testuser942@example.com,Password123
TestUser943,testuser943@example.com,Password123
TestUser944,testuser944@example.com,Password123
TestUser945,testuser945@example.com,Password123
TestUser946,testuser946@example.com,Password123
TestUser947,testuser947@example.com,Password123
TestUser948,testuser948@example.com,Password123
TestUser949,testuser949@example.com,Password123
TestUser950,testuser950@example.com,Password123
TestUser951,testuser951@example.com,Password123
TestUser952,testuser952@example.com,Password123
TestUser953,testuser953@example.com,Password123
TestUser954,testuser954@example.com,Password123
TestUser955,testuser955@example.com,Password123
TestUser956,testuser956@example.com,Password123
TestUser957,testuser957@example.com,Password123
TestUser958,testuser958@example.com,Password123
TestUser959,testuser959@example.com,Password123
TestUser960,testuser960@example.com,Password123
TestUser961,testuser961@example.com,Password123
TestUser962,testuser962@example.com,Password123
TestUser963,testuser963@example.com,Password123
TestUser964,testuser964@example.com,Password123
TestUser965,testuser965@example.com,Password123
TestUser966,testuser966@example.com,Password123
TestUser967,testuser967@example.com,Password123
TestUser968,testuser968@example.com,Password123
TestUser969,testuser969@example.com,Password123
TestUser970,testuser970@example.com,Password123
TestUser971,testuser971@example.com,Password123
TestUser972,testuser972@example.com,Password123
TestUser973,testuser973@example.com,Password123
TestUser974,testuser974@example.com,Password123
TestUser975,testuser975@example.com,Password123
TestUser976,testuser976@example.com,Password123
TestUser977,testuser977@example.com,Password123
TestUser978,testuser978@example.com,Password123
TestUser979,testuser979@example.com,Password123
TestUser980,testuser980@example.com,Password123
TestUser981,testuser981@example.com,Password123
TestUser982,testuser982@example.com,Password123
TestUser983,testuser983@example.com,Password123
TestUser984,testuser984@example.com,Password123
TestUser985,testuser985@example.com,Password123
TestUser986,testuser986@example.com,Password123
TestUser987,testuser987@example.com,Password123
TestUser988,testuser988@example.com,Password123
TestUser989,testuser989@example.com,Password123
TestUser990,testuser990@example.com,Password123
TestUser991,testuser991@example.com,Password123
TestUser992,testuser992@example.com,Password123
TestUser993,testuser993@example.com,Password123
TestUser994,testuser994@example.com,Password123
TestUser995,testuser995@example.com,Password123
TestUser996,testuser996@example.com,Password123
TestUser997,testuser997@example.com,Password123
TestUser998,testuser998@example.com,Password123
TestUser999,testuser999@example.com,Password123
TestUser1000,testuser1000@example.com,Password123 